{"total_last_rewards": -3.1999999582767487, "_timestamp": 1701306873.9084816, "_runtime": 65213.277807712555, "_step": 65732, "ep_reward": -0.4000000059604645}