{"total_last_rewards": -2.0000000298023224, "_timestamp": 1699362894.418302, "_runtime": 6.822143077850342, "_step": 814}