{"total_last_rewards": 0.0, "_timestamp": 1700790282.599786, "_runtime": 50.92821407318115, "_step": 5887}