{"total_last_rewards": -2.8000000417232513, "_timestamp": 1699518424.560745, "_runtime": 7.574141979217529, "_step": 665}