{"total_last_rewards": -1.8000000268220901, "_timestamp": 1699362984.9905732, "_runtime": 5.135890245437622, "_step": 541}