{"total_last_rewards": -1.8000000268220901, "_timestamp": 1699406485.1353679, "_runtime": 46.715006828308105, "_step": 5235}