{"total_last_rewards": 0.0, "_timestamp": 1701442625.5679524, "_runtime": 34432.22616934776, "_step": 40895, "ep_reward": 15.599999696016312}