{"total_last_rewards": -1.7999999523162842, "_timestamp": 1700800092.2221298, "_runtime": 1193.9365367889404, "_step": 14093}