{"total_last_rewards": 0, "_timestamp": 1699362874.372194, "_runtime": 3.6638481616973877, "_step": 28}