{"total_last_rewards": -1.2000000178813934, "_timestamp": 1699436857.4811058, "_runtime": 488.2154018878937, "_step": 58619}